ALGORITHM,NUMBER OF ELEMENTS,NUMBER OF COMPARISONS,NUMBER OF SWAPS,
BUBBLE,7,21,9,
BUBBLE,74,2701,1272,
BUBBLE,76,2850,1024,
BUBBLE,94,4371,2093,
BUBBLE,14,91,56,
BUBBLE,91,4095,1967,
BUBBLE,63,1953,871,
BUBBLE,95,4465,2417,
BUBBLE,44,946,506,
BUBBLE,30,435,228,
BUBBLE,98,4753,2567,
BUBBLE,85,3570,1717,
BUBBLE,7,21,15,
BUBBLE,15,105,51,
BUBBLE,58,1653,925,
BUBBLE,64,2016,1114,
BUBBLE,17,136,67,
BUBBLE,45,990,501,
BUBBLE,19,171,88,
BUBBLE,37,666,299,
BUBBLE,95,4465,2109,
BUBBLE,50,1225,516,
BUBBLE,50,1225,526,
BUBBLE,27,351,209,
BUBBLE,18,153,88,
BUBBLE,62,1891,898,
BUBBLE,72,2556,1198,
BUBBLE,72,2556,1258,
BUBBLE,25,300,133,
BUBBLE,55,1485,761,
BUBBLE,31,465,263,
BUBBLE,48,1128,610,
BUBBLE,49,1176,547,
BUBBLE,43,903,461,
BUBBLE,6,15,9,
BUBBLE,80,3160,1529,
BUBBLE,20,190,88,
BUBBLE,16,120,63,
BUBBLE,54,1431,651,
BUBBLE,86,3655,1742,
BUBBLE,100,4950,2418,
BUBBLE,13,78,43,
BUBBLE,34,561,230,
BUBBLE,23,253,142,
BUBBLE,44,946,418,
BUBBLE,79,3081,1554,
BUBBLE,54,1431,707,
BUBBLE,58,1653,844,
BUBBLE,29,406,179,
BUBBLE,48,1128,464,
BUBBLE,59,1711,799,
BUBBLE,90,4005,1601,
BUBBLE,59,1711,846,
BUBBLE,59,1711,808,
BUBBLE,39,741,350,
BUBBLE,52,1326,622,
BUBBLE,29,406,201,
BUBBLE,55,1485,673,
BUBBLE,16,120,59,
BUBBLE,75,2775,1397,
BUBBLE,21,210,112,
BUBBLE,34,561,297,
BUBBLE,48,1128,534,
BUBBLE,73,2628,1129,
BUBBLE,40,780,425,
BUBBLE,39,741,392,
BUBBLE,86,3655,1494,
BUBBLE,68,2278,1232,
BUBBLE,66,2145,1035,
BUBBLE,39,741,385,
BUBBLE,44,946,569,
BUBBLE,43,903,437,
BUBBLE,97,4656,2140,
BUBBLE,30,435,206,
BUBBLE,69,2346,1167,
BUBBLE,18,153,85,
BUBBLE,25,300,123,
BUBBLE,50,1225,528,
BUBBLE,83,3403,1576,
BUBBLE,51,1275,635,
BUBBLE,8,28,14,
BUBBLE,84,3486,1495,
BUBBLE,73,2628,1493,
BUBBLE,66,2145,1104,
BUBBLE,65,2080,879,
BUBBLE,94,4371,2229,
BUBBLE,16,120,64,
BUBBLE,38,703,297,
BUBBLE,99,4851,2537,
BUBBLE,28,378,211,
BUBBLE,97,4656,2322,
BUBBLE,72,2556,1248,
BUBBLE,78,3003,1423,
BUBBLE,79,3081,1300,
BUBBLE,98,4753,2296,
BUBBLE,46,1035,481,
BUBBLE,75,2775,1292,
BUBBLE,35,595,282,
BUBBLE,86,3655,1648,
BUBBLE,68,2278,1048,
QUICK,7,11,11,
QUICK,74,409,409,
QUICK,76,445,445,
QUICK,94,545,545,
QUICK,14,43,43,
QUICK,91,593,593,
QUICK,63,321,321,
QUICK,95,672,672,
QUICK,44,271,271,
QUICK,30,117,117,
QUICK,98,553,553,
QUICK,85,465,465,
QUICK,7,12,12,
QUICK,15,48,48,
QUICK,58,278,278,
QUICK,64,341,341,
QUICK,17,66,66,
QUICK,45,239,239,
QUICK,19,76,76,
QUICK,37,166,166,
QUICK,95,585,585,
QUICK,50,233,233,
QUICK,50,271,271,
QUICK,27,104,104,
QUICK,18,56,56,
QUICK,62,367,367,
QUICK,72,393,393,
QUICK,72,368,368,
QUICK,25,113,113,
QUICK,55,300,300,
QUICK,31,135,135,
QUICK,48,220,220,
QUICK,49,237,237,
QUICK,43,193,193,
QUICK,6,9,9,
QUICK,80,512,512,
QUICK,20,70,70,
QUICK,16,60,60,
QUICK,54,286,286,
QUICK,86,547,547,
QUICK,100,621,621,
QUICK,13,32,32,
QUICK,34,141,141,
QUICK,23,85,85,
QUICK,44,194,194,
QUICK,79,451,451,
QUICK,54,324,324,
QUICK,58,322,322,
QUICK,29,119,119,
QUICK,48,261,261,
QUICK,59,301,301,
QUICK,90,524,524,
QUICK,59,306,306,
QUICK,59,272,272,
QUICK,39,182,182,
QUICK,52,265,265,
QUICK,29,107,107,
QUICK,55,391,391,
QUICK,16,46,46,
QUICK,75,436,436,
QUICK,21,75,75,
QUICK,34,162,162,
QUICK,48,222,222,
QUICK,73,440,440,
QUICK,40,183,183,
QUICK,39,197,197,
QUICK,86,501,501,
QUICK,68,398,398,
QUICK,66,408,408,
QUICK,39,190,190,
QUICK,44,215,215,
QUICK,43,191,191,
QUICK,97,663,663,
QUICK,30,143,143,
QUICK,69,401,401,
QUICK,18,73,73,
QUICK,25,103,103,
QUICK,50,264,264,
QUICK,83,596,596,
QUICK,51,288,288,
QUICK,8,14,14,
QUICK,84,518,518,
QUICK,73,388,388,
QUICK,66,335,335,
QUICK,65,328,328,
QUICK,94,577,577,
QUICK,16,50,50,
QUICK,38,208,208,
QUICK,99,661,661,
QUICK,28,107,107,
QUICK,97,730,730,
QUICK,72,425,425,
QUICK,78,475,475,
QUICK,79,439,439,
QUICK,98,580,580,
QUICK,46,223,223,
QUICK,75,455,455,
QUICK,35,177,177,
QUICK,86,535,535,
QUICK,68,350,350,
BUBBLE,51,1275,493,1768
BUBBLE,28,378,181,559
BUBBLE,12,66,40,106
BUBBLE,47,1081,451,1532
BUBBLE,13,78,38,116
BUBBLE,51,1275,645,1920
BUBBLE,27,351,160,511
BUBBLE,47,1081,642,1723
BUBBLE,93,4278,2209,6487
BUBBLE,22,231,110,341
BUBBLE,88,3828,2012,5840
BUBBLE,26,325,170,495
BUBBLE,45,990,483,1473
BUBBLE,23,253,135,388
BUBBLE,48,1128,567,1695
BUBBLE,72,2556,1260,3816
BUBBLE,78,3003,1585,4588
BUBBLE,31,465,182,647
BUBBLE,33,528,231,759
BUBBLE,5,10,7,17
BUBBLE,67,2211,1161,3372
BUBBLE,68,2278,1133,3411
BUBBLE,58,1653,754,2407
BUBBLE,11,55,32,87
BUBBLE,37,666,293,959
BUBBLE,36,630,351,981
BUBBLE,27,351,187,538
BUBBLE,27,351,140,491
BUBBLE,22,231,116,347
BUBBLE,68,2278,1178,3456
BUBBLE,41,820,369,1189
BUBBLE,37,666,275,941
BUBBLE,13,78,45,123
BUBBLE,69,2346,963,3309
BUBBLE,61,1830,839,2669
BUBBLE,40,780,428,1208
BUBBLE,88,3828,1599,5427
BUBBLE,77,2926,1290,4216
BUBBLE,14,91,54,145
BUBBLE,33,528,221,749
BUBBLE,99,4851,2454,7305
BUBBLE,49,1176,490,1666
BUBBLE,68,2278,922,3200
BUBBLE,89,3916,1975,5891
BUBBLE,98,4753,2119,6872
BUBBLE,34,561,253,814
BUBBLE,100,4950,2260,7210
BUBBLE,33,528,175,703
BUBBLE,49,1176,582,1758
BUBBLE,88,3828,1886,5714
BUBBLE,50,1225,553,1778
BUBBLE,84,3486,1671,5157
BUBBLE,47,1081,544,1625
BUBBLE,15,105,33,138
BUBBLE,48,1128,586,1714
BUBBLE,36,630,284,914
BUBBLE,69,2346,1116,3462
BUBBLE,38,703,301,1004
BUBBLE,15,105,55,160
BUBBLE,47,1081,576,1657
BUBBLE,27,351,141,492
BUBBLE,65,2080,989,3069
BUBBLE,25,300,154,454
BUBBLE,50,1225,679,1904
BUBBLE,20,190,76,266
BUBBLE,44,946,510,1456
BUBBLE,72,2556,1222,3778
BUBBLE,90,4005,1882,5887
BUBBLE,21,210,115,325
BUBBLE,29,406,179,585
BUBBLE,92,4186,2049,6235
BUBBLE,8,28,7,35
BUBBLE,63,1953,1029,2982
BUBBLE,13,78,49,127
BUBBLE,69,2346,964,3310
BUBBLE,16,120,44,164
BUBBLE,99,4851,2268,7119
BUBBLE,6,15,8,23
BUBBLE,44,946,420,1366
BUBBLE,90,4005,1965,5970
BUBBLE,78,3003,1640,4643
BUBBLE,97,4656,1970,6626
BUBBLE,94,4371,2248,6619
BUBBLE,50,1225,547,1772
BUBBLE,87,3741,1525,5266
BUBBLE,86,3655,1552,5207
BUBBLE,78,3003,1648,4651
BUBBLE,53,1378,683,2061
BUBBLE,29,406,182,588
BUBBLE,35,595,265,860
BUBBLE,72,2556,1397,3953
BUBBLE,90,4005,1728,5733
BUBBLE,94,4371,1914,6285
BUBBLE,9,36,17,53
BUBBLE,17,136,73,209
BUBBLE,13,78,38,116
BUBBLE,99,4851,2033,6884
BUBBLE,68,2278,1082,3360
BUBBLE,99,4851,2338,7189
BUBBLE,20,190,109,299
QUICK,51,256,256,
QUICK,28,110,110,
QUICK,12,28,28,
QUICK,47,234,234,
QUICK,13,55,55,
QUICK,51,269,269,
QUICK,27,102,102,
QUICK,47,249,249,
QUICK,93,552,552,
QUICK,22,88,88,
QUICK,88,482,482,
QUICK,26,103,103,
QUICK,45,190,190,
QUICK,23,83,83,
QUICK,48,248,248,
QUICK,72,410,410,
QUICK,78,457,457,
QUICK,31,140,140,
QUICK,33,149,149,
QUICK,5,7,7,
QUICK,67,393,393,
QUICK,68,380,380,
QUICK,58,359,359,
QUICK,11,43,43,
QUICK,37,183,183,
QUICK,36,156,156,
QUICK,27,95,95,
QUICK,27,108,108,
QUICK,22,72,72,
QUICK,68,400,400,
QUICK,41,213,213,
QUICK,37,147,147,
QUICK,13,37,37,
QUICK,69,393,393,
QUICK,61,379,379,
QUICK,40,222,222,
QUICK,88,601,601,
QUICK,77,486,486,
QUICK,14,41,41,
QUICK,33,137,137,
QUICK,99,637,637,
QUICK,49,309,309,
QUICK,68,386,386,
QUICK,89,552,552,
QUICK,98,606,606,
QUICK,34,150,150,
QUICK,100,638,638,
QUICK,33,153,153,
QUICK,49,210,210,
QUICK,88,628,628,
QUICK,50,317,317,
QUICK,84,533,533,
QUICK,47,248,248,
QUICK,15,36,36,
QUICK,48,213,213,
QUICK,36,172,172,
QUICK,69,380,380,
QUICK,38,215,215,
QUICK,15,45,45,
QUICK,47,207,207,
QUICK,27,108,108,
QUICK,65,344,344,
QUICK,25,109,109,
QUICK,50,278,278,
QUICK,20,61,61,
QUICK,44,195,195,
QUICK,72,432,432,
QUICK,90,497,497,
QUICK,21,66,66,
QUICK,29,106,106,
QUICK,92,636,636,
QUICK,8,18,18,
QUICK,63,345,345,
QUICK,13,48,48,
QUICK,69,488,488,
QUICK,16,50,50,
QUICK,99,655,655,
QUICK,6,12,12,
QUICK,44,233,233,
QUICK,90,553,553,
QUICK,78,434,434,
QUICK,97,568,568,
QUICK,94,755,755,
QUICK,50,239,239,
QUICK,87,473,473,
QUICK,86,440,440,
QUICK,78,492,492,
QUICK,53,248,248,
QUICK,29,105,105,
QUICK,35,146,146,
QUICK,72,399,399,
QUICK,90,539,539,
QUICK,94,536,536,
QUICK,9,27,27,
QUICK,17,52,52,
QUICK,13,29,29,
QUICK,99,689,689,
QUICK,68,464,464,
QUICK,99,594,594,
QUICK,20,58,58,
BUBBLE,12,66,40,106
BUBBLE,74,2701,1428,4129
BUBBLE,49,1176,674,1850
BUBBLE,24,276,101,377
BUBBLE,43,903,475,1378
BUBBLE,39,741,373,1114
BUBBLE,82,3321,1760,5081
BUBBLE,47,1081,485,1566
BUBBLE,17,136,73,209
BUBBLE,15,105,55,160
BUBBLE,72,2556,1276,3832
BUBBLE,97,4656,2346,7002
BUBBLE,92,4186,2353,6539
BUBBLE,11,55,35,90
BUBBLE,97,4656,2133,6789
BUBBLE,19,171,97,268
BUBBLE,22,231,93,324
BUBBLE,83,3403,1843,5246
BUBBLE,11,55,34,89
BUBBLE,11,55,38,93
BUBBLE,89,3916,1845,5761
BUBBLE,48,1128,566,1694
BUBBLE,95,4465,2233,6698
BUBBLE,86,3655,1894,5549
BUBBLE,43,903,428,1331
BUBBLE,88,3828,1952,5780
BUBBLE,26,325,214,539
BUBBLE,55,1485,734,2219
BUBBLE,73,2628,1250,3878
BUBBLE,18,153,66,219
BUBBLE,52,1326,647,1973
BUBBLE,28,378,190,568
BUBBLE,77,2926,1322,4248
BUBBLE,14,91,25,116
BUBBLE,42,861,466,1327
BUBBLE,75,2775,1350,4125
BUBBLE,19,171,103,274
BUBBLE,11,55,16,71
BUBBLE,28,378,217,595
BUBBLE,56,1540,818,2358
BUBBLE,84,3486,1689,5175
BUBBLE,97,4656,2240,6896
BUBBLE,32,496,201,697
BUBBLE,54,1431,761,2192
BUBBLE,36,630,334,964
BUBBLE,10,45,23,68
BUBBLE,45,990,480,1470
BUBBLE,28,378,170,548
BUBBLE,79,3081,1620,4701
BUBBLE,7,21,8,29
BUBBLE,23,253,125,378
BUBBLE,91,4095,2023,6118
BUBBLE,46,1035,494,1529
BUBBLE,29,406,221,627
BUBBLE,58,1653,784,2437
BUBBLE,13,78,35,113
BUBBLE,100,4950,2578,7528
BUBBLE,41,820,403,1223
BUBBLE,88,3828,2024,5852
BUBBLE,58,1653,757,2410
BUBBLE,95,4465,2339,6804
BUBBLE,86,3655,1751,5406
BUBBLE,87,3741,2120,5861
BUBBLE,10,45,27,72
BUBBLE,44,946,486,1432
BUBBLE,98,4753,2303,7056
BUBBLE,84,3486,1761,5247
BUBBLE,97,4656,2385,7041
BUBBLE,93,4278,2395,6673
BUBBLE,34,561,263,824
BUBBLE,39,741,393,1134
BUBBLE,63,1953,1023,2976
BUBBLE,64,2016,990,3006
BUBBLE,80,3160,1569,4729
BUBBLE,63,1953,1074,3027
BUBBLE,65,2080,1197,3277
BUBBLE,62,1891,886,2777
BUBBLE,50,1225,543,1768
BUBBLE,5,10,4,14
BUBBLE,49,1176,615,1791
BUBBLE,8,28,10,38
BUBBLE,37,666,370,1036
BUBBLE,35,595,285,880
BUBBLE,63,1953,909,2862
BUBBLE,28,378,211,589
BUBBLE,72,2556,1204,3760
BUBBLE,58,1653,801,2454
BUBBLE,22,231,90,321
BUBBLE,76,2850,1599,4449
BUBBLE,7,21,16,37
BUBBLE,46,1035,584,1619
BUBBLE,59,1711,738,2449
BUBBLE,7,21,8,29
BUBBLE,78,3003,1644,4647
BUBBLE,97,4656,2143,6799
BUBBLE,12,66,38,104
BUBBLE,71,2485,1065,3550
BUBBLE,34,561,278,839
BUBBLE,100,4950,2602,7552
BUBBLE,41,820,439,1259
QUICK,12,39,39,
QUICK,74,369,369,
QUICK,49,260,260,
QUICK,24,80,80,
QUICK,43,244,244,
QUICK,39,242,242,
QUICK,82,456,456,
QUICK,47,236,236,
QUICK,17,64,64,
QUICK,15,40,40,
QUICK,72,393,393,
QUICK,97,604,604,
QUICK,92,540,540,
QUICK,11,42,42,
QUICK,97,581,581,
QUICK,19,82,82,
QUICK,22,81,81,
QUICK,83,634,634,
QUICK,11,33,33,
QUICK,11,25,25,
QUICK,89,550,550,
QUICK,48,217,217,
QUICK,95,594,594,
QUICK,86,545,545,
QUICK,43,232,232,
QUICK,88,546,546,
QUICK,26,104,104,
QUICK,55,305,305,
QUICK,73,389,389,
QUICK,18,51,51,
QUICK,52,248,248,
QUICK,28,108,108,
QUICK,77,512,512,
QUICK,14,63,63,
QUICK,42,191,191,
QUICK,75,428,428,
QUICK,19,59,59,
QUICK,11,33,33,
QUICK,28,117,117,
QUICK,56,317,317,
QUICK,84,448,448,
QUICK,97,567,567,
QUICK,32,142,142,
QUICK,54,263,263,
QUICK,36,163,163,
QUICK,10,23,23,
QUICK,45,243,243,
QUICK,28,112,112,
QUICK,79,460,460,
QUICK,7,13,13,
QUICK,23,97,97,
QUICK,91,595,595,
QUICK,46,227,227,
QUICK,29,142,142,
QUICK,58,325,325,
QUICK,13,32,32,
QUICK,100,601,601,
QUICK,41,165,165,
QUICK,88,529,529,
QUICK,58,291,291,
QUICK,95,596,596,
QUICK,86,630,630,
QUICK,87,555,555,
QUICK,10,22,22,
QUICK,44,194,194,
QUICK,98,554,554,
QUICK,84,472,472,
QUICK,97,584,584,
QUICK,93,514,514,
QUICK,34,183,183,
QUICK,39,165,165,
QUICK,63,326,326,
QUICK,64,306,306,
QUICK,80,512,512,
QUICK,63,364,364,
QUICK,65,359,359,
QUICK,62,315,315,
QUICK,50,215,215,
QUICK,5,6,6,
QUICK,49,245,245,
QUICK,8,22,22,
QUICK,37,159,159,
QUICK,35,156,156,
QUICK,63,350,350,
QUICK,28,116,116,
QUICK,72,434,434,
QUICK,58,375,375,
QUICK,22,79,79,
QUICK,76,431,431,
QUICK,7,18,18,
QUICK,46,242,242,
QUICK,59,311,311,
QUICK,7,12,12,
QUICK,78,478,478,
QUICK,97,695,695,
QUICK,12,31,31,
QUICK,71,471,471,
QUICK,34,135,135,
QUICK,100,687,687,
QUICK,41,207,207,
BUBBLE,44,946,467,1413
BUBBLE,37,666,370,1036
BUBBLE,78,3003,1329,4332
BUBBLE,50,1225,637,1862
BUBBLE,30,435,215,650
BUBBLE,14,91,66,157
BUBBLE,54,1431,698,2129
BUBBLE,7,21,5,26
BUBBLE,88,3828,1898,5726
BUBBLE,57,1596,827,2423
BUBBLE,18,153,83,236
BUBBLE,23,253,88,341
BUBBLE,66,2145,1061,3206
BUBBLE,50,1225,627,1852
BUBBLE,40,780,472,1252
BUBBLE,65,2080,1053,3133
BUBBLE,65,2080,1181,3261
BUBBLE,88,3828,1978,5806
BUBBLE,80,3160,1495,4655
BUBBLE,90,4005,2223,6228
BUBBLE,94,4371,1821,6192
BUBBLE,7,21,13,34
BUBBLE,92,4186,2439,6625
BUBBLE,93,4278,2459,6737
BUBBLE,19,171,105,276
BUBBLE,48,1128,579,1707
BUBBLE,88,3828,1844,5672
BUBBLE,6,15,6,21
BUBBLE,50,1225,614,1839
BUBBLE,13,78,53,131
BUBBLE,5,10,2,12
BUBBLE,52,1326,713,2039
BUBBLE,15,105,50,155
BUBBLE,34,561,257,818
BUBBLE,87,3741,2039,5780
BUBBLE,26,325,179,504
BUBBLE,76,2850,1508,4358
BUBBLE,39,741,408,1149
BUBBLE,35,595,330,925
BUBBLE,87,3741,1756,5497
BUBBLE,46,1035,471,1506
BUBBLE,83,3403,1748,5151
BUBBLE,28,378,165,543
BUBBLE,83,3403,1683,5086
BUBBLE,80,3160,1609,4769
BUBBLE,38,703,379,1082
BUBBLE,17,136,81,217
BUBBLE,33,528,294,822
BUBBLE,21,210,76,286
BUBBLE,30,435,185,620
BUBBLE,33,528,295,823
BUBBLE,21,210,96,306
BUBBLE,85,3570,1670,5240
BUBBLE,42,861,450,1311
BUBBLE,54,1431,795,2226
BUBBLE,29,406,179,585
BUBBLE,41,820,456,1276
BUBBLE,96,4560,1849,6409
BUBBLE,44,946,454,1400
BUBBLE,39,741,372,1113
BUBBLE,18,153,84,237
BUBBLE,19,171,76,247
BUBBLE,37,666,317,983
BUBBLE,33,528,318,846
BUBBLE,77,2926,1274,4200
BUBBLE,37,666,349,1015
BUBBLE,59,1711,871,2582
BUBBLE,72,2556,1226,3782
BUBBLE,41,820,474,1294
BUBBLE,95,4465,2290,6755
BUBBLE,81,3240,1488,4728
BUBBLE,95,4465,2245,6710
BUBBLE,5,10,5,15
BUBBLE,92,4186,1966,6152
BUBBLE,12,66,29,95
BUBBLE,64,2016,1023,3039
BUBBLE,89,3916,2008,5924
BUBBLE,22,231,115,346
BUBBLE,28,378,180,558
BUBBLE,83,3403,1779,5182
BUBBLE,98,4753,2582,7335
BUBBLE,14,91,40,131
BUBBLE,34,561,251,812
BUBBLE,87,3741,2021,5762
BUBBLE,53,1378,718,2096
BUBBLE,33,528,232,760
BUBBLE,12,66,41,107
BUBBLE,77,2926,1486,4412
BUBBLE,42,861,462,1323
BUBBLE,79,3081,1563,4644
BUBBLE,13,78,40,118
BUBBLE,98,4753,2312,7065
BUBBLE,49,1176,701,1877
BUBBLE,90,4005,1883,5888
BUBBLE,12,66,27,93
BUBBLE,63,1953,963,2916
BUBBLE,63,1953,1057,3010
BUBBLE,75,2775,1327,4102
BUBBLE,88,3828,1883,5711
BUBBLE,57,1596,753,2349
QUICK,44,221,221,
QUICK,37,173,173,
QUICK,78,437,437,
QUICK,50,288,288,
QUICK,30,146,146,
QUICK,14,40,40,
QUICK,54,263,263,
QUICK,7,12,12,
QUICK,88,551,551,
QUICK,57,275,275,
QUICK,18,57,57,
QUICK,23,115,115,
QUICK,66,346,346,
QUICK,50,233,233,
QUICK,40,194,194,
QUICK,65,360,360,
QUICK,65,371,371,
QUICK,88,565,565,
QUICK,80,482,482,
QUICK,90,492,492,
QUICK,94,547,547,
QUICK,7,15,15,
QUICK,92,640,640,
QUICK,93,541,541,
QUICK,19,75,75,
QUICK,48,269,269,
QUICK,88,505,505,
QUICK,6,12,12,
QUICK,50,241,241,
QUICK,13,34,34,
QUICK,5,6,6,
QUICK,52,275,275,
QUICK,15,52,52,
QUICK,34,140,140,
QUICK,87,504,504,
QUICK,26,90,90,
QUICK,76,456,456,
QUICK,39,167,167,
QUICK,35,153,153,
QUICK,87,505,505,
QUICK,46,209,209,
QUICK,83,627,627,
QUICK,28,121,121,
QUICK,83,466,466,
QUICK,80,495,495,
QUICK,38,221,221,
QUICK,17,64,64,
QUICK,33,123,123,
QUICK,21,77,77,
QUICK,30,132,132,
QUICK,33,148,148,
QUICK,21,70,70,
QUICK,85,529,529,
QUICK,42,286,286,
QUICK,54,278,278,
QUICK,29,116,116,
QUICK,41,189,189,
QUICK,96,632,632,
QUICK,44,256,256,
QUICK,39,182,182,
QUICK,18,58,58,
QUICK,19,59,59,
QUICK,37,223,223,
QUICK,33,151,151,
QUICK,77,460,460,
QUICK,37,161,161,
QUICK,59,323,323,
QUICK,72,407,407,
QUICK,41,203,203,
QUICK,95,808,808,
QUICK,81,471,471,
QUICK,95,598,598,
QUICK,5,6,6,
QUICK,92,571,571,
QUICK,12,29,29,
QUICK,64,367,367,
QUICK,89,566,566,
QUICK,22,94,94,
QUICK,28,114,114,
QUICK,83,522,522,
QUICK,98,556,556,
QUICK,14,36,36,
QUICK,34,144,144,
QUICK,87,550,550,
QUICK,53,274,274,
QUICK,33,139,139,
QUICK,12,38,38,
QUICK,77,511,511,
QUICK,42,205,205,
QUICK,79,556,556,
QUICK,13,33,33,
QUICK,98,794,794,
QUICK,49,228,228,
QUICK,90,585,585,
QUICK,12,28,28,
QUICK,63,356,356,
QUICK,63,295,295,
QUICK,75,497,497,
QUICK,88,719,719,
QUICK,57,267,267,
BUBBLE,32,496,239,735
BUBBLE,77,2926,1341,4267
BUBBLE,85,3570,1707,5277
BUBBLE,44,946,480,1426
BUBBLE,50,1225,562,1787
BUBBLE,62,1891,902,2793
BUBBLE,41,820,409,1229
BUBBLE,97,4656,2427,7083
BUBBLE,9,36,22,58
BUBBLE,62,1891,864,2755
BUBBLE,51,1275,588,1863
BUBBLE,20,190,103,293
BUBBLE,41,820,421,1241
BUBBLE,49,1176,579,1755
BUBBLE,90,4005,2071,6076
BUBBLE,74,2701,1349,4050
BUBBLE,87,3741,2001,5742
BUBBLE,25,300,144,444
BUBBLE,30,435,205,640
BUBBLE,39,741,412,1153
BUBBLE,90,4005,1869,5874
BUBBLE,93,4278,2174,6452
BUBBLE,79,3081,1604,4685
BUBBLE,22,231,95,326
BUBBLE,22,231,106,337
BUBBLE,85,3570,1940,5510
BUBBLE,22,231,118,349
BUBBLE,85,3570,2015,5585
BUBBLE,94,4371,2102,6473
BUBBLE,80,3160,1634,4794
BUBBLE,63,1953,1061,3014
BUBBLE,84,3486,1762,5248
BUBBLE,21,210,90,300
BUBBLE,43,903,449,1352
BUBBLE,12,66,45,111
BUBBLE,59,1711,827,2538
BUBBLE,47,1081,425,1506
BUBBLE,35,595,284,879
BUBBLE,47,1081,484,1565
BUBBLE,40,780,445,1225
BUBBLE,45,990,407,1397
BUBBLE,55,1485,702,2187
BUBBLE,100,4950,2608,7558
BUBBLE,74,2701,1436,4137
BUBBLE,27,351,132,483
BUBBLE,39,741,375,1116
BUBBLE,64,2016,920,2936
BUBBLE,34,561,299,860
BUBBLE,84,3486,1434,4920
BUBBLE,40,780,376,1156
BUBBLE,68,2278,1162,3440
BUBBLE,20,190,83,273
BUBBLE,11,55,27,82
BUBBLE,74,2701,1480,4181
BUBBLE,47,1081,520,1601
BUBBLE,58,1653,882,2535
BUBBLE,44,946,424,1370
BUBBLE,22,231,97,328
BUBBLE,37,666,285,951
BUBBLE,14,91,58,149
BUBBLE,53,1378,642,2020
BUBBLE,61,1830,842,2672
BUBBLE,12,66,29,95
BUBBLE,87,3741,1609,5350
BUBBLE,60,1770,797,2567
BUBBLE,62,1891,1085,2976
BUBBLE,77,2926,1519,4445
BUBBLE,54,1431,680,2111
BUBBLE,63,1953,997,2950
BUBBLE,63,1953,1054,3007
BUBBLE,32,496,234,730
BUBBLE,39,741,321,1062
BUBBLE,15,105,60,165
BUBBLE,89,3916,1834,5750
BUBBLE,59,1711,838,2549
BUBBLE,93,4278,2208,6486
BUBBLE,47,1081,544,1625
BUBBLE,86,3655,1729,5384
BUBBLE,15,105,66,171
BUBBLE,91,4095,1956,6051
BUBBLE,27,351,174,525
BUBBLE,46,1035,577,1612
BUBBLE,36,630,278,908
BUBBLE,28,378,136,514
BUBBLE,72,2556,1263,3819
BUBBLE,10,45,23,68
BUBBLE,19,171,81,252
BUBBLE,69,2346,1223,3569
BUBBLE,61,1830,910,2740
BUBBLE,31,465,238,703
BUBBLE,95,4465,2366,6831
BUBBLE,89,3916,1994,5910
BUBBLE,18,153,86,239
BUBBLE,80,3160,1569,4729
BUBBLE,12,66,29,95
BUBBLE,71,2485,1348,3833
BUBBLE,37,666,266,932
BUBBLE,50,1225,628,1853
BUBBLE,10,45,22,67
BUBBLE,79,3081,1528,4609
QUICK,32,133,133,
QUICK,77,473,473,
QUICK,85,498,498,
QUICK,44,232,232,
QUICK,50,272,272,
QUICK,62,397,397,
QUICK,41,195,195,
QUICK,97,607,607,
QUICK,9,18,18,
QUICK,62,320,320,
QUICK,51,269,269,
QUICK,20,72,72,
QUICK,41,196,196,
QUICK,49,341,341,
QUICK,90,567,567,
QUICK,74,559,559,
QUICK,87,627,627,
QUICK,25,95,95,
QUICK,30,121,121,
QUICK,39,170,170,
QUICK,90,635,635,
QUICK,93,529,529,
QUICK,79,403,403,
QUICK,22,76,76,
QUICK,22,77,77,
QUICK,85,488,488,
QUICK,22,78,78,
QUICK,85,510,510,
QUICK,94,558,558,
QUICK,80,530,530,
QUICK,63,318,318,
QUICK,84,560,560,
QUICK,21,75,75,
QUICK,43,235,235,
QUICK,12,30,30,
QUICK,59,305,305,
QUICK,47,212,212,
QUICK,35,136,136,
QUICK,47,252,252,
QUICK,40,190,190,
QUICK,45,204,204,
QUICK,55,302,302,
QUICK,100,725,725,
QUICK,74,503,503,
QUICK,27,106,106,
QUICK,39,256,256,
QUICK,64,342,342,
QUICK,34,175,175,
QUICK,84,542,542,
QUICK,40,186,186,
QUICK,68,429,429,
QUICK,20,73,73,
QUICK,11,24,24,
QUICK,74,442,442,
QUICK,47,236,236,
QUICK,58,338,338,
QUICK,44,217,217,
QUICK,22,83,83,
QUICK,37,180,180,
QUICK,14,37,37,
QUICK,53,266,266,
QUICK,61,326,326,
QUICK,12,31,31,
QUICK,87,542,542,
QUICK,60,390,390,
QUICK,62,336,336,
QUICK,77,393,393,
QUICK,54,270,270,
QUICK,63,354,354,
QUICK,63,298,298,
QUICK,32,136,136,
QUICK,39,171,171,
QUICK,15,43,43,
QUICK,89,550,550,
QUICK,59,343,343,
QUICK,93,523,523,
QUICK,47,234,234,
QUICK,86,541,541,
QUICK,15,66,66,
QUICK,91,599,599,
QUICK,27,128,128,
QUICK,46,241,241,
QUICK,36,149,149,
QUICK,28,104,104,
QUICK,72,579,579,
QUICK,10,21,21,
QUICK,19,58,58,
QUICK,69,429,429,
QUICK,61,327,327,
QUICK,31,127,127,
QUICK,95,572,572,
QUICK,89,554,554,
QUICK,18,58,58,
QUICK,80,432,432,
QUICK,12,32,32,
QUICK,71,403,403,
QUICK,37,168,168,
QUICK,50,279,279,
QUICK,10,21,21,
QUICK,79,512,512,
BUBBLE,82,3321,1754,5075
BUBBLE,36,630,294,924
BUBBLE,38,703,315,1018
BUBBLE,73,2628,1442,4070
BUBBLE,90,4005,1638,5643
BUBBLE,92,4186,2108,6294
BUBBLE,63,1953,940,2893
BUBBLE,79,3081,1766,4847
BUBBLE,18,153,49,202
BUBBLE,100,4950,2688,7638
BUBBLE,7,21,8,29
BUBBLE,99,4851,2427,7278
BUBBLE,49,1176,566,1742
BUBBLE,47,1081,529,1610
BUBBLE,90,4005,1806,5811
BUBBLE,63,1953,1057,3010
BUBBLE,28,378,159,537
BUBBLE,32,496,244,740
BUBBLE,81,3240,1687,4927
BUBBLE,14,91,52,143
BUBBLE,8,28,12,40
BUBBLE,9,36,13,49
BUBBLE,87,3741,2012,5753
BUBBLE,40,780,361,1141
BUBBLE,37,666,342,1008
BUBBLE,50,1225,654,1879
BUBBLE,29,406,238,644
BUBBLE,93,4278,2295,6573
BUBBLE,39,741,342,1083
BUBBLE,20,190,102,292
BUBBLE,32,496,276,772
BUBBLE,85,3570,1773,5343
BUBBLE,89,3916,1712,5628
BUBBLE,7,21,5,26
BUBBLE,80,3160,1675,4835
BUBBLE,9,36,17,53
BUBBLE,8,28,14,42
BUBBLE,31,465,268,733
BUBBLE,69,2346,1157,3503
BUBBLE,93,4278,2022,6300
BUBBLE,83,3403,1865,5268
BUBBLE,90,4005,1883,5888
BUBBLE,73,2628,1284,3912
BUBBLE,72,2556,1198,3754
BUBBLE,53,1378,704,2082
BUBBLE,76,2850,1551,4401
BUBBLE,72,2556,1471,4027
BUBBLE,70,2415,1327,3742
BUBBLE,8,28,15,43
BUBBLE,48,1128,601,1729
BUBBLE,33,528,266,794
BUBBLE,66,2145,977,3122
BUBBLE,37,666,350,1016
BUBBLE,70,2415,1296,3711
BUBBLE,41,820,420,1240
BUBBLE,64,2016,1070,3086
BUBBLE,31,465,229,694
BUBBLE,53,1378,704,2082
BUBBLE,12,66,37,103
BUBBLE,92,4186,2099,6285
BUBBLE,82,3321,1689,5010
BUBBLE,14,91,33,124
BUBBLE,31,465,197,662
BUBBLE,66,2145,1153,3298
BUBBLE,40,780,443,1223
BUBBLE,7,21,14,35
BUBBLE,71,2485,1181,3666
BUBBLE,24,276,163,439
BUBBLE,28,378,181,559
BUBBLE,92,4186,1903,6089
BUBBLE,35,595,301,896
BUBBLE,30,435,204,639
BUBBLE,24,276,117,393
BUBBLE,62,1891,802,2693
BUBBLE,65,2080,972,3052
BUBBLE,93,4278,2034,6312
BUBBLE,24,276,139,415
BUBBLE,25,300,166,466
BUBBLE,26,325,166,491
BUBBLE,96,4560,2398,6958
BUBBLE,97,4656,2752,7408
BUBBLE,91,4095,2035,6130
BUBBLE,38,703,338,1041
BUBBLE,64,2016,1126,3142
BUBBLE,82,3321,1569,4890
BUBBLE,25,300,139,439
BUBBLE,49,1176,601,1777
BUBBLE,21,210,97,307
BUBBLE,16,120,49,169
BUBBLE,33,528,304,832
BUBBLE,31,465,244,709
BUBBLE,45,990,495,1485
BUBBLE,72,2556,1361,3917
BUBBLE,8,28,14,42
BUBBLE,59,1711,971,2682
BUBBLE,84,3486,1689,5175
BUBBLE,72,2556,1219,3775
BUBBLE,29,406,257,663
BUBBLE,99,4851,2373,7224
BUBBLE,36,630,352,982
QUICK,82,573,573,
QUICK,36,144,144,
QUICK,38,213,213,
QUICK,73,443,443,
QUICK,90,580,580,
QUICK,92,575,575,
QUICK,63,363,363,
QUICK,79,463,463,
QUICK,18,71,71,
QUICK,100,717,717,
QUICK,7,11,11,
QUICK,99,624,624,
QUICK,49,290,290,
QUICK,47,235,235,
QUICK,90,511,511,
QUICK,63,335,335,
QUICK,28,101,101,
QUICK,32,149,149,
QUICK,81,479,479,
QUICK,14,47,47,
QUICK,8,19,19,
QUICK,9,18,18,
QUICK,87,643,643,
QUICK,40,161,161,
QUICK,37,168,168,
QUICK,50,269,269,
QUICK,29,107,107,
QUICK,93,661,661,
QUICK,39,213,213,
QUICK,20,65,65,
QUICK,32,156,156,
QUICK,85,530,530,
QUICK,89,497,497,
QUICK,7,13,13,
QUICK,80,475,475,
QUICK,9,17,17,
QUICK,8,20,20,
QUICK,31,121,121,
QUICK,69,411,411,
QUICK,93,663,663,
QUICK,83,714,714,
QUICK,90,666,666,
QUICK,73,487,487,
QUICK,72,399,399,
QUICK,53,271,271,
QUICK,76,481,481,
QUICK,72,423,423,
QUICK,70,363,363,
QUICK,8,14,14,
QUICK,48,290,290,
QUICK,33,168,168,
QUICK,66,342,342,
QUICK,37,179,179,
QUICK,70,404,404,
QUICK,41,207,207,
QUICK,64,306,306,
QUICK,31,140,140,
QUICK,53,238,238,
QUICK,12,27,27,
QUICK,92,573,573,
QUICK,82,536,536,
QUICK,14,35,35,
QUICK,31,144,144,
QUICK,66,326,326,
QUICK,40,204,204,
QUICK,7,14,14,
QUICK,71,407,407,
QUICK,24,122,122,
QUICK,28,103,103,
QUICK,92,495,495,
QUICK,35,148,148,
QUICK,30,110,110,
QUICK,24,107,107,
QUICK,62,364,364,
QUICK,65,341,341,
QUICK,93,539,539,
QUICK,24,95,95,
QUICK,25,95,95,
QUICK,26,117,117,
QUICK,96,578,578,
QUICK,97,553,553,
QUICK,91,628,628,
QUICK,38,150,150,
QUICK,64,332,332,
QUICK,82,510,510,
QUICK,25,101,101,
QUICK,49,248,248,
QUICK,21,75,75,
QUICK,16,43,43,
QUICK,33,154,154,
QUICK,31,138,138,
QUICK,45,263,263,
QUICK,72,437,437,
QUICK,8,18,18,
QUICK,59,326,326,
QUICK,84,580,580,
QUICK,72,377,377,
QUICK,29,118,118,
QUICK,99,588,588,
QUICK,36,177,177,
BUBBLE,67,2211,1164,3375
BUBBLE,44,946,512,1458
BUBBLE,96,4560,2185,6745
BUBBLE,30,435,223,658
BUBBLE,12,66,37,103
BUBBLE,33,528,275,803
BUBBLE,76,2850,1505,4355
BUBBLE,12,66,46,112
BUBBLE,16,120,65,185
BUBBLE,93,4278,2027,6305
BUBBLE,95,4465,2578,7043
BUBBLE,22,231,122,353
BUBBLE,96,4560,2400,6960
BUBBLE,59,1711,867,2578
BUBBLE,67,2211,1139,3350
BUBBLE,50,1225,589,1814
BUBBLE,28,378,153,531
BUBBLE,28,378,230,608
BUBBLE,9,36,15,51
BUBBLE,32,496,246,742
BUBBLE,68,2278,1210,3488
BUBBLE,76,2850,1608,4458
BUBBLE,39,741,409,1150
BUBBLE,86,3655,1686,5341
BUBBLE,18,153,93,246
BUBBLE,29,406,201,607
BUBBLE,90,4005,2187,6192
BUBBLE,69,2346,1264,3610
BUBBLE,51,1275,660,1935
BUBBLE,22,231,137,368
BUBBLE,40,780,396,1176
BUBBLE,65,2080,1161,3241
BUBBLE,62,1891,940,2831
BUBBLE,56,1540,772,2312
BUBBLE,88,3828,2192,6020
BUBBLE,19,171,81,252
BUBBLE,8,28,17,45
BUBBLE,22,231,104,335
BUBBLE,41,820,442,1262
BUBBLE,74,2701,1447,4148
BUBBLE,71,2485,1251,3736
BUBBLE,57,1596,802,2398
BUBBLE,87,3741,1885,5626
BUBBLE,95,4465,2388,6853
BUBBLE,64,2016,1084,3100
BUBBLE,79,3081,1499,4580
BUBBLE,43,903,384,1287
BUBBLE,75,2775,1249,4024
BUBBLE,59,1711,919,2630
BUBBLE,17,136,91,227
BUBBLE,61,1830,1011,2841
BUBBLE,59,1711,966,2677
BUBBLE,71,2485,1543,4028
BUBBLE,39,741,404,1145
BUBBLE,55,1485,718,2203
BUBBLE,93,4278,2166,6444
BUBBLE,6,15,9,24
BUBBLE,62,1891,881,2772
BUBBLE,55,1485,832,2317
BUBBLE,27,351,197,548
BUBBLE,76,2850,1444,4294
BUBBLE,37,666,275,941
BUBBLE,72,2556,1419,3975
BUBBLE,27,351,182,533
BUBBLE,52,1326,569,1895
BUBBLE,33,528,347,875
BUBBLE,85,3570,2035,5605
BUBBLE,6,15,8,23
BUBBLE,57,1596,777,2373
BUBBLE,30,435,184,619
BUBBLE,64,2016,1070,3086
BUBBLE,44,946,433,1379
BUBBLE,11,55,38,93
BUBBLE,60,1770,858,2628
BUBBLE,29,406,222,628
BUBBLE,33,528,273,801
BUBBLE,22,231,125,356
BUBBLE,23,253,168,421
BUBBLE,78,3003,1460,4463
BUBBLE,44,946,479,1425
BUBBLE,71,2485,1372,3857
BUBBLE,16,120,81,201
BUBBLE,43,903,429,1332
BUBBLE,54,1431,666,2097
BUBBLE,77,2926,1527,4453
BUBBLE,74,2701,1283,3984
BUBBLE,42,861,538,1399
BUBBLE,80,3160,1524,4684
BUBBLE,74,2701,1547,4248
BUBBLE,49,1176,632,1808
BUBBLE,24,276,126,402
BUBBLE,91,4095,1956,6051
BUBBLE,36,630,316,946
BUBBLE,26,325,152,477
BUBBLE,54,1431,865,2296
BUBBLE,91,4095,1904,5999
BUBBLE,96,4560,2308,6868
BUBBLE,87,3741,2125,5866
BUBBLE,91,4095,2365,6460
BUBBLE,13,78,31,109
QUICK,67,377,377,
QUICK,44,209,209,
QUICK,96,684,684,
QUICK,30,146,146,
QUICK,12,37,37,
QUICK,33,139,139,
QUICK,76,444,444,
QUICK,12,32,32,
QUICK,16,40,40,
QUICK,93,563,563,
QUICK,95,572,572,
QUICK,22,72,72,
QUICK,96,618,618,
QUICK,59,288,288,
QUICK,67,372,372,
QUICK,50,251,251,
QUICK,28,144,144,
QUICK,28,161,161,
QUICK,9,18,18,
QUICK,32,130,130,
QUICK,68,396,396,
QUICK,76,472,472,
QUICK,39,201,201,
QUICK,86,552,552,
QUICK,18,68,68,
QUICK,29,115,115,
QUICK,90,530,530,
QUICK,69,540,540,
QUICK,51,311,311,
QUICK,22,75,75,
QUICK,40,199,199,
QUICK,65,330,330,
QUICK,62,348,348,
QUICK,56,302,302,
QUICK,88,684,684,
QUICK,19,77,77,
QUICK,8,18,18,
QUICK,22,87,87,
QUICK,41,175,175,
QUICK,74,443,443,
QUICK,71,440,440,
QUICK,57,334,334,
QUICK,87,629,629,
QUICK,95,579,579,
QUICK,64,333,333,
QUICK,79,457,457,
QUICK,43,184,184,
QUICK,75,452,452,
QUICK,59,352,352,
QUICK,17,66,66,
QUICK,61,379,379,
QUICK,59,330,330,
QUICK,71,398,398,
QUICK,39,190,190,
QUICK,55,297,297,
QUICK,93,559,559,
QUICK,6,11,11,
QUICK,62,330,330,
QUICK,55,276,276,
QUICK,27,109,109,
QUICK,76,449,449,
QUICK,37,171,171,
QUICK,72,433,433,
QUICK,27,116,116,
QUICK,52,255,255,
QUICK,33,141,141,
QUICK,85,542,542,
QUICK,6,8,8,
QUICK,57,288,288,
QUICK,30,133,133,
QUICK,64,337,337,
QUICK,44,224,224,
QUICK,11,25,25,
QUICK,60,324,324,
QUICK,29,134,134,
QUICK,33,158,158,
QUICK,22,92,92,
QUICK,23,86,86,
QUICK,78,513,513,
QUICK,44,235,235,
QUICK,71,486,486,
QUICK,16,50,50,
QUICK,43,191,191,
QUICK,54,324,324,
QUICK,77,453,453,
QUICK,74,487,487,
QUICK,42,210,210,
QUICK,80,478,478,
QUICK,74,505,505,
QUICK,49,302,302,
QUICK,24,91,91,
QUICK,91,545,545,
QUICK,36,171,171,
QUICK,26,131,131,
QUICK,54,303,303,
QUICK,91,606,606,
QUICK,96,558,558,
QUICK,87,550,550,
QUICK,91,557,557,
QUICK,13,34,34,
BUBBLE,82,5321,2910,8231
BUBBLE,57,1596,691,2287
BUBBLE,52,1326,668,1994
BUBBLE,66,2145,1022,3167
BUBBLE,36,1288,784,2072
BUBBLE,39,741,297,1038
BUBBLE,62,1891,890,2781
BUBBLE,11,55,37,92
BUBBLE,91,4095,2327,6422
BUBBLE,9,36,30,66
BUBBLE,20,190,128,318
BUBBLE,9,36,11,47
BUBBLE,9,36,15,51
BUBBLE,6,15,5,20
BUBBLE,11,55,29,84
BUBBLE,14,91,43,134
BUBBLE,9,36,26,62
BUBBLE,13,78,22,100
BUBBLE,9,36,21,57
BUBBLE,10,45,13,58
BUBBLE,30,435,240,675
BUBBLE,23,253,109,362
BUBBLE,25,300,153,453
BUBBLE,30,435,261,696
BUBBLE,36,630,278,908
BUBBLE,38,703,437,1140
BUBBLE,39,741,350,1091
BUBBLE,36,630,335,965
BUBBLE,35,595,324,919
BUBBLE,39,741,404,1145
BUBBLE,21,210,89,299
BUBBLE,27,351,208,559
BUBBLE,39,741,415,1156
BUBBLE,20,190,97,287
BUBBLE,35,595,334,929
BUBBLE,26,325,149,474
BUBBLE,33,528,293,821
BUBBLE,20,190,73,263
BUBBLE,20,190,80,270
BUBBLE,39,741,383,1124
BUBBLE,60,1770,874,2644
BUBBLE,60,1770,947,2717
BUBBLE,55,1485,541,2026
BUBBLE,40,780,534,1314
BUBBLE,44,946,438,1384
BUBBLE,52,1326,700,2026
BUBBLE,46,1035,481,1516
BUBBLE,52,1326,636,1962
BUBBLE,46,1035,545,1580
BUBBLE,44,946,463,1409
BUBBLE,54,1431,660,2091
BUBBLE,40,780,384,1164
BUBBLE,55,1485,714,2199
BUBBLE,54,1431,695,2126
BUBBLE,58,1653,810,2463
BUBBLE,52,1326,656,1982
BUBBLE,58,1653,894,2547
BUBBLE,52,1326,710,2036
BUBBLE,48,1128,602,1730
BUBBLE,40,780,377,1157
BUBBLE,80,3160,1386,4546
BUBBLE,67,2211,1033,3244
BUBBLE,76,2850,1243,4093
BUBBLE,71,2485,1168,3653
BUBBLE,62,1891,950,2841
BUBBLE,71,2485,1200,3685
BUBBLE,80,3160,1652,4812
BUBBLE,75,2775,1309,4084
BUBBLE,80,3160,1752,4912
BUBBLE,62,1891,810,2701
BUBBLE,75,2775,1406,4181
BUBBLE,71,2485,1155,3640
BUBBLE,64,2016,1109,3125
BUBBLE,73,2628,1160,3788
BUBBLE,75,2775,1560,4335
BUBBLE,64,2016,1091,3107
BUBBLE,61,1830,914,2744
BUBBLE,69,2346,1107,3453
BUBBLE,70,2415,1304,3719
BUBBLE,61,1830,896,2726
BUBBLE,81,3240,1517,4757
BUBBLE,97,4656,2366,7022
BUBBLE,87,3741,1775,5516
BUBBLE,98,4753,2595,7348
BUBBLE,89,3916,1870,5786
BUBBLE,95,4465,2271,6736
BUBBLE,100,4950,2592,7542
BUBBLE,88,3828,2198,6026
BUBBLE,93,4278,2198,6476
BUBBLE,88,3828,1773,5601
BUBBLE,96,4560,2505,7065
BUBBLE,99,4851,2214,7065
BUBBLE,90,4005,1909,5914
BUBBLE,89,3916,2005,5921
BUBBLE,96,4560,2114,6674
BUBBLE,82,3321,1545,4866
BUBBLE,96,4560,2309,6869
BUBBLE,96,4560,2335,6895
BUBBLE,95,4465,2198,6663
BUBBLE,84,3486,1771,5257
QUICK,82,1292,753,
QUICK,57,420,278,
QUICK,52,392,267,
QUICK,66,469,317,
QUICK,36,461,332,
QUICK,39,326,192,
QUICK,62,452,319,
QUICK,11,37,26,
QUICK,91,705,474,
QUICK,9,31,21,
QUICK,20,97,64,
QUICK,9,25,16,
QUICK,9,30,20,
QUICK,6,24,15,
QUICK,11,46,27,
QUICK,14,73,43,
QUICK,9,29,18,
QUICK,13,49,34,
QUICK,9,27,17,
QUICK,10,31,22,
QUICK,30,169,109,
QUICK,23,127,107,
QUICK,25,224,130,
QUICK,30,194,126,
QUICK,36,256,155,
QUICK,38,283,184,
QUICK,39,295,185,
QUICK,36,241,157,
QUICK,35,265,179,
QUICK,39,326,219,
QUICK,21,115,76,
QUICK,27,149,106,
QUICK,39,291,190,
QUICK,20,119,79,
QUICK,35,198,148,
QUICK,26,127,93,
QUICK,33,229,156,
QUICK,20,113,67,
QUICK,20,156,93,
QUICK,39,260,174,
QUICK,60,411,290,
QUICK,60,525,365,
QUICK,55,441,284,
QUICK,40,250,167,
QUICK,44,289,192,
QUICK,52,365,247,
QUICK,46,326,234,
QUICK,52,373,239,
QUICK,46,343,263,
QUICK,44,282,182,
QUICK,54,414,284,
QUICK,40,285,192,
QUICK,55,403,298,
QUICK,54,443,330,
QUICK,58,430,299,
QUICK,52,371,248,
QUICK,58,409,278,
QUICK,52,349,237,
QUICK,48,480,293,
QUICK,40,315,190,
QUICK,80,677,468,
QUICK,67,486,342,
QUICK,76,753,468,
QUICK,71,531,380,
QUICK,62,574,354,
QUICK,71,560,409,
QUICK,80,741,505,
QUICK,75,720,441,
QUICK,80,714,457,
QUICK,62,451,288,
QUICK,75,662,466,
QUICK,71,536,373,
QUICK,64,517,357,
QUICK,73,580,428,
QUICK,75,663,456,
QUICK,64,565,376,
QUICK,61,483,309,
QUICK,69,574,347,
QUICK,70,571,381,
QUICK,61,460,302,
QUICK,81,696,498,
QUICK,97,894,592,
QUICK,87,774,490,
QUICK,98,893,597,
QUICK,89,824,590,
QUICK,95,974,641,
QUICK,100,1037,724,
QUICK,88,964,628,
QUICK,93,892,576,
QUICK,88,905,565,
QUICK,96,982,628,
QUICK,99,950,641,
QUICK,90,898,574,
QUICK,89,802,528,
QUICK,96,911,589,
QUICK,82,708,528,
QUICK,96,834,591,
QUICK,96,824,543,
QUICK,95,742,510,
QUICK,84,793,498,
BUBBLE,193,18528,8833,27361
BUBBLE,145,10440,5310,15750
BUBBLE,33,528,228,756
BUBBLE,57,1596,733,2329
BUBBLE,199,19701,8491,28192
BUBBLE,130,8385,4475,12860
BUBBLE,148,10878,5862,16740
BUBBLE,71,2485,1209,3694
BUBBLE,24,276,131,407
BUBBLE,16,120,64,184
BUBBLE,60,1770,954,2724
BUBBLE,27,351,154,505
BUBBLE,132,8646,3992,12638
BUBBLE,173,14878,7714,22592
BUBBLE,80,3160,1490,4650
BUBBLE,86,3655,1737,5392
BUBBLE,198,19503,9380,28883
BUBBLE,133,8778,4681,13459
BUBBLE,126,7875,3386,11261
BUBBLE,198,19503,10091,29594
BUBBLE,39,741,357,1098
BUBBLE,139,9591,5248,14839
BUBBLE,163,13203,6576,19779
BUBBLE,69,2346,1244,3590
BUBBLE,199,19701,9825,29526
BUBBLE,128,8128,3971,12099
BUBBLE,25,300,177,477
BUBBLE,51,1275,593,1868
BUBBLE,125,7750,3587,11337
BUBBLE,97,4656,2202,6858
BUBBLE,150,11175,5620,16795
BUBBLE,166,13695,7041,20736
BUBBLE,169,14196,6999,21195
BUBBLE,54,1431,717,2148
BUBBLE,101,5050,2355,7405
BUBBLE,17,136,75,211
BUBBLE,174,15051,7491,22542
BUBBLE,45,990,477,1467
BUBBLE,146,10585,4787,15372
BUBBLE,16,120,66,186
BUBBLE,11,55,20,75
BUBBLE,11,55,31,86
BUBBLE,61,1830,952,2782
BUBBLE,190,17955,8772,26727
BUBBLE,59,1711,836,2547
BUBBLE,96,4560,2357,6917
BUBBLE,41,820,415,1235
BUBBLE,115,6555,3327,9882
BUBBLE,87,3741,1897,5638
BUBBLE,23,253,120,373
BUBBLE,171,14535,7666,22201
BUBBLE,116,6670,3072,9742
BUBBLE,129,8256,3983,12239
BUBBLE,148,10878,5201,16079
BUBBLE,166,13695,6957,20652
BUBBLE,6,15,11,26
BUBBLE,57,1596,781,2377
BUBBLE,161,12880,6167,19047
BUBBLE,13,78,55,133
BUBBLE,150,11175,5398,16573
BUBBLE,39,741,312,1053
BUBBLE,185,17020,8661,25681
BUBBLE,88,3828,1784,5612
BUBBLE,113,6328,2965,9293
BUBBLE,91,4095,2040,6135
BUBBLE,130,8385,4013,12398
BUBBLE,162,13041,6190,19231
BUBBLE,197,19306,10217,29523
BUBBLE,110,5995,3057,9052
BUBBLE,192,18336,9634,27970
BUBBLE,168,14028,7176,21204
BUBBLE,70,2415,1181,3596
BUBBLE,32,496,248,744
BUBBLE,140,9730,4984,14714
BUBBLE,18,153,70,223
BUBBLE,52,1326,610,1936
BUBBLE,68,2278,1230,3508
BUBBLE,107,5671,2527,8198
BUBBLE,52,1326,714,2040
BUBBLE,81,3240,1898,5138
BUBBLE,171,14535,7010,21545
BUBBLE,100,4950,2497,7447
BUBBLE,139,9591,4552,14143
BUBBLE,80,3160,1428,4588
BUBBLE,126,7875,3564,11439
BUBBLE,177,15576,7754,23330
BUBBLE,147,10731,5384,16115
BUBBLE,91,4095,2016,6111
BUBBLE,160,12720,6752,19472
BUBBLE,143,10153,4793,14946
BUBBLE,173,14878,7568,22446
BUBBLE,57,1596,708,2304
BUBBLE,90,4005,1910,5915
BUBBLE,26,325,184,509
BUBBLE,69,2346,1200,3546
BUBBLE,9,36,23,59
BUBBLE,44,946,531,1477
BUBBLE,120,7140,3881,11021
BUBBLE,57,1596,891,2487
BUBBLE,65,2080,941,3021
QUICK,193,1401,1401,
QUICK,145,964,964,
QUICK,33,123,123,
QUICK,57,290,290,
QUICK,199,1741,1741,
QUICK,130,888,888,
QUICK,148,1204,1204,
QUICK,71,400,400,
QUICK,24,105,105,
QUICK,16,53,53,
QUICK,60,341,341,
QUICK,27,106,106,
QUICK,132,1238,1238,
QUICK,173,1370,1370,
QUICK,80,524,524,
QUICK,86,503,503,
QUICK,198,1732,1732,
QUICK,133,950,950,
QUICK,126,875,875,
QUICK,198,1640,1640,
QUICK,39,226,226,
QUICK,139,1443,1443,
QUICK,163,1074,1074,
QUICK,69,403,403,
QUICK,199,1533,1533,
QUICK,128,943,943,
QUICK,25,108,108,
QUICK,51,251,251,
QUICK,125,986,986,
QUICK,97,581,581,
QUICK,150,1011,1011,
QUICK,166,1114,1114,
QUICK,169,1269,1269,
QUICK,54,280,280,
QUICK,101,691,691,
QUICK,17,46,46,
QUICK,174,1314,1314,
QUICK,45,197,197,
QUICK,146,1138,1138,
QUICK,16,50,50,
QUICK,11,25,25,
QUICK,11,32,32,
QUICK,61,356,356,
QUICK,190,1318,1318,
QUICK,59,313,313,
QUICK,96,642,642,
QUICK,41,197,197,
QUICK,115,790,790,
QUICK,87,549,549,
QUICK,23,112,112,
QUICK,171,1395,1395,
QUICK,116,821,821,
QUICK,129,840,840,
QUICK,148,928,928,
QUICK,166,1366,1366,
QUICK,6,10,10,
QUICK,57,344,344,
QUICK,161,1113,1113,
QUICK,13,42,42,
QUICK,150,993,993,
QUICK,39,230,230,
QUICK,185,1446,1446,
QUICK,88,533,533,
QUICK,113,975,975,
QUICK,91,554,554,
QUICK,130,784,784,
QUICK,162,1211,1211,
QUICK,197,1371,1371,
QUICK,110,757,757,
QUICK,192,1430,1430,
QUICK,168,1274,1274,
QUICK,70,386,386,
QUICK,32,137,137,
QUICK,140,1024,1024,
QUICK,18,55,55,
QUICK,52,245,245,
QUICK,68,500,500,
QUICK,107,730,730,
QUICK,52,261,261,
QUICK,81,579,579,
QUICK,171,1274,1274,
QUICK,100,806,806,
QUICK,139,952,952,
QUICK,80,497,497,
QUICK,126,860,860,
QUICK,177,1297,1297,
QUICK,147,1355,1355,
QUICK,91,571,571,
QUICK,160,1077,1077,
QUICK,143,1099,1099,
QUICK,173,1149,1149,
QUICK,57,287,287,
QUICK,90,607,607,
QUICK,26,111,111,
QUICK,69,370,370,
QUICK,9,24,24,
QUICK,44,198,198,
QUICK,120,823,823,
QUICK,57,313,313,
QUICK,65,387,387,
BUBBLE,18,138,57,195
BUBBLE,37,632,283,915
BUBBLE,89,3830,1944,5774
BUBBLE,51,1227,610,1837
BUBBLE,92,4097,2202,6299
BUBBLE,11,47,20,67
BUBBLE,63,1893,915,2808
BUBBLE,33,498,203,701
BUBBLE,24,255,162,417
BUBBLE,34,530,298,828
BUBBLE,97,4562,2307,6869
BUBBLE,38,668,290,958
BUBBLE,98,4658,2200,6858
BUBBLE,73,2558,1056,3614
BUBBLE,55,1433,609,2042
BUBBLE,37,632,356,988
BUBBLE,31,437,210,647
BUBBLE,43,863,385,1248
BUBBLE,70,2348,1170,3518
BUBBLE,67,2147,1039,3186
BUBBLE,8,23,7,30
BUBBLE,7,17,11,28
BUBBLE,87,3657,1915,5572
BUBBLE,44,905,419,1324
BUBBLE,94,4280,2185,6465
BUBBLE,17,122,52,174
BUBBLE,70,2348,1227,3575
BUBBLE,99,4755,2424,7179
BUBBLE,6,12,3,15
BUBBLE,60,1713,906,2619
BUBBLE,92,4097,2024,6121
BUBBLE,19,155,64,219
BUBBLE,58,1598,738,2336
BUBBLE,62,1832,876,2708
BUBBLE,47,1037,528,1565
BUBBLE,47,1037,468,1505
BUBBLE,89,3830,1879,5709
BUBBLE,90,3918,1913,5831
BUBBLE,99,4755,2272,7027
BUBBLE,85,3488,1714,5202
BUBBLE,41,782,364,1146
BUBBLE,13,68,39,107
BUBBLE,64,1955,933,2888
BUBBLE,80,3083,1620,4703
BUBBLE,33,498,218,716
BUBBLE,82,3242,1398,4640
BUBBLE,39,705,413,1118
BUBBLE,36,597,277,874
BUBBLE,76,2777,1355,4132
BUBBLE,45,948,550,1498
BUBBLE,97,4562,2224,6786
BUBBLE,70,2348,1335,3683
BUBBLE,56,1487,683,2170
BUBBLE,98,4658,2502,7160
BUBBLE,82,3242,1690,4932
BUBBLE,71,2417,1410,3827
BUBBLE,55,1433,643,2076
BUBBLE,68,2213,1190,3403
BUBBLE,65,2018,963,2981
BUBBLE,33,498,233,731
BUBBLE,89,3830,1782,5612
BUBBLE,92,4097,1965,6062
BUBBLE,93,4188,2048,6236
BUBBLE,87,3657,1739,5396
BUBBLE,24,255,153,408
BUBBLE,35,563,249,812
BUBBLE,56,1487,707,2194
BUBBLE,43,863,367,1230
BUBBLE,47,1037,512,1549
BUBBLE,79,3005,1715,4720
BUBBLE,64,1955,931,2886
BUBBLE,72,2487,1207,3694
BUBBLE,90,3918,2083,6001
BUBBLE,78,2928,1486,4414
BUBBLE,62,1832,936,2768
BUBBLE,88,3743,2049,5792
BUBBLE,37,632,262,894
BUBBLE,80,3083,1733,4816
BUBBLE,84,3405,1702,5107
BUBBLE,71,2417,1228,3645
BUBBLE,98,4658,2452,7110
BUBBLE,95,4373,2215,6588
BUBBLE,6,12,5,17
BUBBLE,65,2018,942,2960
BUBBLE,62,1832,901,2733
BUBBLE,78,2928,1551,4479
BUBBLE,98,4658,2674,7332
BUBBLE,6,12,7,19
BUBBLE,37,632,282,914
BUBBLE,28,353,166,519
BUBBLE,35,563,262,825
BUBBLE,53,1328,703,2031
BUBBLE,7,17,9,26
BUBBLE,80,3083,1705,4788
BUBBLE,84,3405,1647,5052
BUBBLE,90,3918,2257,6175
BUBBLE,76,2777,1357,4134
BUBBLE,92,4097,2061,6158
BUBBLE,72,2487,1232,3719
BUBBLE,39,705,330,1035
QUICK,18,55,55,
QUICK,37,157,157,
QUICK,89,497,497,
QUICK,51,281,281,
QUICK,92,565,565,
QUICK,11,25,25,
QUICK,63,325,325,
QUICK,33,119,119,
QUICK,24,100,100,
QUICK,34,154,154,
QUICK,97,684,684,
QUICK,38,197,197,
QUICK,98,627,627,
QUICK,73,531,531,
QUICK,55,345,345,
QUICK,37,158,158,
QUICK,31,191,191,
QUICK,43,183,183,
QUICK,70,390,390,
QUICK,67,355,355,
QUICK,8,16,16,
QUICK,7,16,16,
QUICK,87,690,690,
QUICK,44,188,188,
QUICK,94,685,685,
QUICK,17,64,64,
QUICK,70,425,425,
QUICK,99,654,654,
QUICK,6,11,11,
QUICK,60,296,296,
QUICK,92,529,529,
QUICK,19,59,59,
QUICK,58,351,351,
QUICK,62,286,286,
QUICK,47,277,277,
QUICK,47,236,236,
QUICK,89,504,504,
QUICK,90,572,572,
QUICK,99,600,600,
QUICK,85,475,475,
QUICK,41,208,208,
QUICK,13,38,38,
QUICK,64,338,338,
QUICK,80,462,462,
QUICK,33,162,162,
QUICK,82,493,493,
QUICK,39,156,156,
QUICK,36,141,141,
QUICK,76,380,380,
QUICK,45,266,266,
QUICK,97,670,670,
QUICK,70,355,355,
QUICK,56,283,283,
QUICK,98,602,602,
QUICK,82,579,579,
QUICK,71,384,384,
QUICK,55,301,301,
QUICK,68,387,387,
QUICK,65,366,366,
QUICK,33,169,169,
QUICK,89,481,481,
QUICK,92,664,664,
QUICK,93,559,559,
QUICK,87,565,565,
QUICK,24,97,97,
QUICK,35,171,171,
QUICK,56,300,300,
QUICK,43,190,190,
QUICK,47,279,279,
QUICK,79,503,503,
QUICK,64,363,363,
QUICK,72,358,358,
QUICK,90,487,487,
QUICK,78,508,508,
QUICK,62,341,341,
QUICK,88,559,559,
QUICK,37,147,147,
QUICK,80,465,465,
QUICK,84,550,550,
QUICK,71,382,382,
QUICK,98,635,635,
QUICK,95,566,566,
QUICK,6,12,12,
QUICK,65,420,420,
QUICK,62,361,361,
QUICK,78,411,411,
QUICK,98,691,691,
QUICK,6,8,8,
QUICK,37,212,212,
QUICK,28,118,118,
QUICK,35,147,147,
QUICK,53,291,291,
QUICK,7,16,16,
QUICK,80,473,473,
QUICK,84,449,449,
QUICK,90,510,510,
QUICK,76,430,430,
QUICK,92,558,558,
QUICK,72,475,475,
QUICK,39,197,197,
BUBBLE,8,28,10,38
BUBBLE,68,2278,1110,3388
BUBBLE,58,1653,810,2463
BUBBLE,55,1485,663,2148
BUBBLE,38,703,324,1027
BUBBLE,61,1830,893,2723
BUBBLE,96,4560,1924,6484
BUBBLE,43,903,535,1438
BUBBLE,90,4005,2187,6192
BUBBLE,98,4753,2209,6962
BUBBLE,48,1128,504,1632
BUBBLE,90,4005,1845,5850
BUBBLE,88,3828,1889,5717
BUBBLE,67,2211,1011,3222
BUBBLE,73,2628,1197,3825
BUBBLE,75,2775,1422,4197
BUBBLE,90,4005,2065,6070
BUBBLE,40,780,396,1176
BUBBLE,40,780,350,1130
BUBBLE,20,190,109,299
BUBBLE,41,820,376,1196
BUBBLE,22,231,122,353
BUBBLE,50,1225,724,1949
BUBBLE,54,1431,722,2153
BUBBLE,100,4950,2434,7384
BUBBLE,75,2775,1522,4297
BUBBLE,79,3081,1391,4472
BUBBLE,42,861,389,1250
BUBBLE,6,15,7,22
BUBBLE,45,990,489,1479
BUBBLE,13,78,49,127
BUBBLE,39,741,355,1096
BUBBLE,32,496,185,681
BUBBLE,47,1081,538,1619
BUBBLE,58,1653,876,2529
BUBBLE,33,528,306,834
BUBBLE,71,2485,1039,3524
BUBBLE,33,528,281,809
BUBBLE,5,10,7,17
BUBBLE,29,406,227,633
BUBBLE,28,378,166,544
BUBBLE,71,2485,1225,3710
BUBBLE,24,276,176,452
BUBBLE,72,2556,1197,3753
BUBBLE,78,3003,1687,4690
BUBBLE,54,1431,619,2050
BUBBLE,5,10,4,14
BUBBLE,48,1128,521,1649
BUBBLE,99,4851,2461,7312
BUBBLE,22,231,90,321
BUBBLE,45,990,539,1529
BUBBLE,17,136,66,202
BUBBLE,68,2278,907,3185
BUBBLE,94,4371,2125,6496
BUBBLE,86,3655,1632,5287
BUBBLE,32,496,262,758
BUBBLE,8,28,11,39
BUBBLE,25,300,129,429
BUBBLE,71,2485,1352,3837
BUBBLE,68,2278,1039,3317
BUBBLE,44,946,396,1342
BUBBLE,81,3240,1585,4825
BUBBLE,39,741,368,1109
BUBBLE,27,351,153,504
BUBBLE,11,55,22,77
BUBBLE,41,820,399,1219
BUBBLE,75,2775,1402,4177
BUBBLE,93,4278,1844,6122
BUBBLE,14,91,48,139
BUBBLE,40,780,288,1068
BUBBLE,51,1275,624,1899
BUBBLE,92,4186,2350,6536
BUBBLE,60,1770,987,2757
BUBBLE,84,3486,1530,5016
BUBBLE,32,496,266,762
BUBBLE,37,666,370,1036
BUBBLE,91,4095,2142,6237
BUBBLE,96,4560,2182,6742
BUBBLE,66,2145,1019,3164
BUBBLE,6,15,6,21
BUBBLE,29,406,171,577
BUBBLE,39,741,342,1083
BUBBLE,36,630,234,864
BUBBLE,78,3003,1402,4405
BUBBLE,35,595,272,867
BUBBLE,43,903,505,1408
BUBBLE,79,3081,1445,4526
BUBBLE,29,406,223,629
BUBBLE,56,1540,924,2464
BUBBLE,12,66,30,96
BUBBLE,9,36,16,52
BUBBLE,84,3486,1981,5467
BUBBLE,8,28,7,35
BUBBLE,57,1596,765,2361
BUBBLE,76,2850,1362,4212
BUBBLE,17,136,69,205
BUBBLE,55,1485,549,2034
BUBBLE,95,4465,2145,6610
BUBBLE,12,66,43,109
BUBBLE,70,2415,1048,3463
QUICK,8,16,16,
QUICK,68,370,370,
QUICK,58,311,311,
QUICK,55,280,280,
QUICK,38,168,168,
QUICK,61,343,343,
QUICK,96,676,676,
QUICK,43,202,202,
QUICK,90,544,544,
QUICK,98,717,717,
QUICK,48,264,264,
QUICK,90,487,487,
QUICK,88,544,544,
QUICK,67,364,364,
QUICK,73,404,404,
QUICK,75,395,395,
QUICK,90,503,503,
QUICK,40,216,216,
QUICK,40,163,163,
QUICK,20,75,75,
QUICK,41,179,179,
QUICK,22,79,79,
QUICK,50,251,251,
QUICK,54,320,320,
QUICK,100,721,721,
QUICK,75,410,410,
QUICK,79,430,430,
QUICK,42,174,174,
QUICK,6,9,9,
QUICK,45,232,232,
QUICK,13,32,32,
QUICK,39,169,169,
QUICK,32,121,121,
QUICK,47,224,224,
QUICK,58,301,301,
QUICK,33,175,175,
QUICK,71,415,415,
QUICK,33,142,142,
QUICK,5,6,6,
QUICK,29,107,107,
QUICK,28,135,135,
QUICK,71,401,401,
QUICK,24,80,80,
QUICK,72,441,441,
QUICK,78,412,412,
QUICK,54,301,301,
QUICK,5,6,6,
QUICK,48,240,240,
QUICK,99,612,612,
QUICK,22,108,108,
QUICK,45,239,239,
QUICK,17,60,60,
QUICK,68,365,365,
QUICK,94,544,544,
QUICK,86,490,490,
QUICK,32,136,136,
QUICK,8,19,19,
QUICK,25,83,83,
QUICK,71,423,423,
QUICK,68,413,413,
QUICK,44,212,212,
QUICK,81,526,526,
QUICK,39,167,167,
QUICK,27,102,102,
QUICK,11,37,37,
QUICK,41,205,205,
QUICK,75,526,526,
QUICK,93,585,585,
QUICK,14,40,40,
QUICK,40,194,194,
QUICK,51,231,231,
QUICK,92,512,512,
QUICK,60,309,309,
QUICK,84,462,462,
QUICK,32,144,144,
QUICK,37,149,149,
QUICK,91,516,516,
QUICK,96,646,646,
QUICK,66,361,361,
QUICK,6,8,8,
QUICK,29,106,106,
QUICK,39,169,169,
QUICK,36,168,168,
QUICK,78,526,526,
QUICK,35,141,141,
QUICK,43,191,191,
QUICK,79,459,459,
QUICK,29,139,139,
QUICK,56,344,344,
QUICK,12,29,29,
QUICK,9,18,18,
QUICK,84,540,540,
QUICK,8,19,19,
QUICK,57,255,255,
QUICK,76,539,539,
QUICK,17,54,54,
QUICK,55,332,332,
QUICK,95,574,574,
QUICK,12,29,29,
QUICK,70,344,344,
BUBBLE,93,4278,2058,6336
BUBBLE,75,2775,1275,4050
BUBBLE,70,2415,1118,3533
BUBBLE,13,78,47,125
BUBBLE,10,45,21,66
BUBBLE,91,4095,2360,6455
BUBBLE,33,528,253,781
BUBBLE,97,4656,2236,6892
BUBBLE,72,2556,1243,3799
BUBBLE,39,741,350,1091
BUBBLE,96,4560,2391,6951
BUBBLE,58,1653,678,2331
BUBBLE,20,190,106,296
BUBBLE,63,1953,963,2916
BUBBLE,40,780,375,1155
BUBBLE,14,91,44,135
BUBBLE,17,136,66,202
BUBBLE,81,3240,1736,4976
BUBBLE,84,3486,1968,5454
BUBBLE,18,153,59,212
BUBBLE,12,66,34,100
BUBBLE,76,2850,1214,4064
BUBBLE,90,4005,2078,6083
BUBBLE,97,4656,2242,6898
BUBBLE,44,946,483,1429
BUBBLE,81,3240,1683,4923
BUBBLE,98,4753,2128,6881
BUBBLE,69,2346,996,3342
BUBBLE,21,210,113,323
BUBBLE,40,780,491,1271
BUBBLE,94,4371,2381,6752
BUBBLE,84,3486,1563,5049
BUBBLE,23,253,149,402
BUBBLE,29,406,171,577
BUBBLE,41,820,457,1277
BUBBLE,56,1540,843,2383
BUBBLE,65,2080,1232,3312
BUBBLE,94,4371,2164,6535
BUBBLE,56,1540,805,2345
BUBBLE,84,3486,1815,5301
BUBBLE,34,561,284,845
BUBBLE,53,1378,690,2068
BUBBLE,36,630,331,961
BUBBLE,62,1891,968,2859
BUBBLE,49,1176,562,1738
BUBBLE,10,45,27,72
BUBBLE,40,780,420,1200
BUBBLE,40,780,397,1177
BUBBLE,36,630,296,926
BUBBLE,42,861,373,1234
BUBBLE,35,595,327,922
BUBBLE,85,3570,1756,5326
BUBBLE,88,3828,1736,5564
BUBBLE,77,2926,1427,4353
BUBBLE,65,2080,1104,3184
BUBBLE,10,45,25,70
BUBBLE,13,78,37,115
BUBBLE,45,990,533,1523
BUBBLE,71,2485,1155,3640
BUBBLE,72,2556,1208,3764
BUBBLE,36,630,322,952
BUBBLE,45,990,588,1578
BUBBLE,74,2701,1220,3921
BUBBLE,98,4753,1922,6675
BUBBLE,66,2145,957,3102
BUBBLE,22,231,103,334
BUBBLE,88,3828,2158,5986
BUBBLE,6,15,13,28
BUBBLE,88,3828,1974,5802
BUBBLE,70,2415,1265,3680
BUBBLE,63,1953,1015,2968
BUBBLE,66,2145,1039,3184
BUBBLE,94,4371,2104,6475
BUBBLE,88,3828,2088,5916
BUBBLE,63,1953,903,2856
BUBBLE,78,3003,1639,4642
BUBBLE,88,3828,1724,5552
BUBBLE,26,325,210,535
BUBBLE,50,1225,556,1781
BUBBLE,15,105,40,145
BUBBLE,42,861,424,1285
BUBBLE,67,2211,1137,3348
BUBBLE,19,171,92,263
BUBBLE,17,136,81,217
BUBBLE,100,4950,2534,7484
BUBBLE,20,190,96,286
BUBBLE,50,1225,591,1816
BUBBLE,55,1485,632,2117
BUBBLE,87,3741,1709,5450
BUBBLE,64,2016,1090,3106
BUBBLE,56,1540,796,2336
BUBBLE,51,1275,716,1991
BUBBLE,28,378,171,549
BUBBLE,43,903,569,1472
BUBBLE,27,351,197,548
BUBBLE,85,3570,1563,5133
BUBBLE,59,1711,854,2565
BUBBLE,74,2701,1592,4293
BUBBLE,52,1326,621,1947
BUBBLE,70,2415,1109,3524
QUICK,93,508,508,
QUICK,75,500,500,
QUICK,70,355,355,
QUICK,13,34,34,
QUICK,10,22,22,
QUICK,91,610,610,
QUICK,33,155,155,
QUICK,97,630,630,
QUICK,72,546,546,
QUICK,39,207,207,
QUICK,96,583,583,
QUICK,58,343,343,
QUICK,20,80,80,
QUICK,63,326,326,
QUICK,40,176,176,
QUICK,14,38,38,
QUICK,17,61,61,
QUICK,81,476,476,
QUICK,84,537,537,
QUICK,18,54,54,
QUICK,12,29,29,
QUICK,76,411,411,
QUICK,90,510,510,
QUICK,97,579,579,
QUICK,44,221,221,
QUICK,81,544,544,
QUICK,98,569,569,
QUICK,69,418,418,
QUICK,21,67,67,
QUICK,40,202,202,
QUICK,94,714,714,
QUICK,84,536,536,
QUICK,23,114,114,
QUICK,29,138,138,
QUICK,41,223,223,
QUICK,56,274,274,
QUICK,65,355,355,
QUICK,94,621,621,
QUICK,56,307,307,
QUICK,84,475,475,
QUICK,34,136,136,
QUICK,53,250,250,
QUICK,36,143,143,
QUICK,62,284,284,
QUICK,49,248,248,
QUICK,10,32,32,
QUICK,40,166,166,
QUICK,40,218,218,
QUICK,36,161,161,
QUICK,42,220,220,
QUICK,35,181,181,
QUICK,85,559,559,
QUICK,88,608,608,
QUICK,77,419,419,
QUICK,65,368,368,
QUICK,10,19,19,
QUICK,13,38,38,
QUICK,45,244,244,
QUICK,71,404,404,
QUICK,72,427,427,
QUICK,36,210,210,
QUICK,45,198,198,
QUICK,74,397,397,
QUICK,98,674,674,
QUICK,66,384,384,
QUICK,22,100,100,
QUICK,88,532,532,
QUICK,6,9,9,
QUICK,88,519,519,
QUICK,70,362,362,
QUICK,63,369,369,
QUICK,66,421,421,
QUICK,94,508,508,
QUICK,88,572,572,
QUICK,63,399,399,
QUICK,78,540,540,
QUICK,88,530,530,
QUICK,26,90,90,
QUICK,50,279,279,
QUICK,15,50,50,
QUICK,42,171,171,
QUICK,67,373,373,
QUICK,19,64,64,
QUICK,17,48,48,
QUICK,100,572,572,
QUICK,20,66,66,
QUICK,50,273,273,
QUICK,55,325,325,
QUICK,87,486,486,
QUICK,64,370,370,
QUICK,56,275,275,
QUICK,51,290,290,
QUICK,28,103,103,
QUICK,43,263,263,
QUICK,27,106,106,
QUICK,85,504,504,
QUICK,59,446,446,
QUICK,74,374,374,
QUICK,52,319,319,
QUICK,70,398,398,